Amari_Szi_Amari_d.pdf, Bb/Amari_Szi_Amari_d_Bb.pdf, Eb/Amari_Szi_Amari_d_Eb.pdf, Bass/Amari_Szi_Amari_d_Bass.pdf
Am_Yisroel_Khay.pdf, Bb/Am_Yisroel_Khay_Bb.pdf, Eb/Am_Yisroel_Khay_Eb.pdf, Bass/Am_Yisroel_Khay_Bass.pdf
Arrol_Alol.pdf, Bb/Arrol_Alol_Bb.pdf, Eb/Arrol_Alol_Eb.pdf, Bass/Arrol_Alol_Bass.pdf
Asher_Nosan_Lonu.pdf, Bb/Asher_Nosan_Lonu_Bb.pdf, Eb/Asher_Nosan_Lonu_Eb.pdf, Bass/Asher_Nosan_Lonu_Bass.pdf
A_Glezele_Vayn.pdf, Bb/A_Glezele_Vayn_Bb.pdf, Eb/A_Glezele_Vayn_Eb.pdf, Bass/A_Glezele_Vayn_Bass.pdf
Bai_Mir_Bistu_Shane.pdf, Bb/Bai_Mir_Bistu_Shane_Bb.pdf, Eb/Bai_Mir_Bistu_Shane_Eb.pdf, Bass/Bai_Mir_Bistu_Shane_Bass.pdf
Belf_Doina.pdf, Bb/Belf_Doina_Bb.pdf, Eb/Belf_Doina_Eb.pdf, Bass/Belf_Doina_Bass.pdf
Bulgar_Ryhthms.pdf, Bb/Bulgar_Ryhthms_Bb.pdf, Eb/Bulgar_Ryhthms_Eb.pdf, Bass/Bulgar_Ryhthms_Bass.pdf
Chaje-Shukarije.pdf, Bb/Chaje-Shukarije_Bb.pdf, Eb/Chaje-Shukarije_Eb.pdf, Bass/Chaje-Shukarije_Bass.pdf
Chiri_Bim.pdf, Bb/Chiri_Bim_Bb.pdf, Eb/Chiri_Bim_Eb.pdf, Bass/Chiri_Bim_Bass.pdf
Ciganine-Ti-Sto-Sviras.pdf, Bb/Ciganine-Ti-Sto-Sviras_Bb.pdf, Eb/Ciganine-Ti-Sto-Sviras_Eb.pdf, Bass/Ciganine-Ti-Sto-Sviras_Bass.pdf
Cygany-Ljubjat-Pensji.pdf, Bb/Cygany-Ljubjat-Pensji_Bb.pdf, Eb/Cygany-Ljubjat-Pensji_Eb.pdf, Bass/Cygany-Ljubjat-Pensji_Bass.pdf
Dem-Trisker-Rebn-s-Khusid.pdf, Bb/Dem-Trisker-Rebn-s-Khusid_Bb.pdf, Eb/Dem-Trisker-Rebn-s-Khusid_Eb.pdf, Bass/Dem-Trisker-Rebn-s-Khusid_Bass.pdf
Dem_Reban_Khusid.pdf, Bb/Dem_Reban_Khusid_Bb.pdf, Eb/Dem_Reban_Khusid_Eb.pdf, Bass/Dem_Reban_Khusid_Bass.pdf
Di_Sapozhkelekh.pdf, Bb/Di_Sapozhkelekh_Bb.pdf, Eb/Di_Sapozhkelekh_Eb.pdf, Bass/Di_Sapozhkelekh_Bass.pdf
Dos-Tsigele.pdf, Bb/Dos-Tsigele_Bb.pdf, Eb/Dos-Tsigele_Eb.pdf, Bass/Dos-Tsigele_Bass.pdf
Drey_Dreydele.pdf, Bb/Drey_Dreydele_Bb.pdf, Eb/Drey_Dreydele_Eb.pdf, Bass/Drey_Dreydele_Bass.pdf
Dushka-Ramic-Porch-Tango.pdf, Bb/Dushka-Ramic-Porch-Tango_Bb.pdf, Eb/Dushka-Ramic-Porch-Tango_Eb.pdf, Bass/Dushka-Ramic-Porch-Tango_Bass.pdf
Ederlezi_Am.pdf, Bb/Ederlezi_Am_Bb.pdf, Eb/Ederlezi_Am_Eb.pdf, Bass/Ederlezi_Am_Bass.pdf
Ederlezi_Dm.pdf, Bb/Ederlezi_Dm_Bb.pdf, Eb/Ederlezi_Dm_Eb.pdf, Bass/Ederlezi_Dm_Bass.pdf
Enkeljunk.pdf, Bb/Enkeljunk_Bb.pdf, Eb/Enkeljunk_Eb.pdf, Bass/Enkeljunk_Bass.pdf
Erdo.pdf, Bb/Erdo_Bb.pdf, Eb/Erdo_Eb.pdf, Bass/Erdo_Bass.pdf
Evo-Banke.pdf, Bb/Evo-Banke_Bb.pdf, Eb/Evo-Banke_Eb.pdf, Bass/Evo-Banke_Bass.pdf
Expectation_Waltz.pdf, Bb/Expectation_Waltz_Bb.pdf, Eb/Expectation_Waltz_Eb.pdf, Bass/Expectation_Waltz_Bass.pdf
Fa_nye_mama.pdf, Bb/Fa_nye_mama_Bb.pdf, Eb/Fa_nye_mama_Eb.pdf, Bass/Fa_nye_mama_Bass.pdf
Firn Di Mekhutonim.pdf, Bb/Firn Di Mekhutonim_Bb.pdf, Eb/Firn Di Mekhutonim_Eb.pdf, Bass/Firn Di Mekhutonim_Bass.pdf
Fralach_1.pdf, Bb/Fralach_1_Bb.pdf, Eb/Fralach_1_Eb.pdf, Bass/Fralach_1_Bass.pdf
Freilachs_102.pdf, Bb/Freilachs_102_Bb.pdf, Eb/Freilachs_102_Eb.pdf, Bass/Freilachs_102_Bass.pdf
Goldenshteyn_Doina.pdf, Bb/Goldenshteyn_Doina_Bb.pdf, Eb/Goldenshteyn_Doina_Eb.pdf, Bass/Goldenshteyn_Doina_Bass.pdf
Goldensteyn_Hora.pdf, Bb/Goldensteyn_Hora_Bb.pdf, Eb/Goldensteyn_Hora_Eb.pdf, Bass/Goldensteyn_Hora_Bass.pdf
Goldensyteyn_Bulgar_Medley.pdf, Bb/Goldensyteyn_Bulgar_Medley_Bb.pdf, Eb/Goldensyteyn_Bulgar_Medley_Eb.pdf, Bass/Goldensyteyn_Bulgar_Medley_Bass.pdf
Hava_Nagila.pdf, Bb/Hava_Nagila_Bb.pdf, Eb/Hava_Nagila_Eb.pdf, Bass/Hava_Nagila_Bass.pdf
Hora_Bucovinei.pdf, Bb/Hora_Bucovinei_Bb.pdf, Eb/Hora_Bucovinei_Eb.pdf, Bass/Hora_Bucovinei_Bass.pdf
Hora_Hungarian.pdf, Bb/Hora_Hungarian_Bb.pdf, Eb/Hora_Hungarian_Eb.pdf, Bass/Hora_Hungarian_Bass.pdf
Hora_Merlin.pdf, Bb/Hora_Merlin_Bb.pdf, Eb/Hora_Merlin_Eb.pdf, Bass/Hora_Merlin_Bass.pdf
Hungarian-Happy-Birthday.pdf, Bb/Hungarian-Happy-Birthday_Bb.pdf, Eb/Hungarian-Happy-Birthday_Eb.pdf, Bass/Hungarian-Happy-Birthday_Bass.pdf
Hungarian_Czardas.pdf, Bb/Hungarian_Czardas_Bb.pdf, Eb/Hungarian_Czardas_Eb.pdf, Bass/Hungarian_Czardas_Bass.pdf
Ketri.pdf, Bb/Ketri_Bb.pdf, Eb/Ketri_Eb.pdf, Bass/Ketri_Bass.pdf
Khosidl_84.pdf, Bb/Khosidl_84_Bb.pdf, Eb/Khosidl_84_Eb.pdf, Bass/Khosidl_84_Bass.pdf
Kimet.pdf, Bb/Kimet_Bb.pdf, Eb/Kimet_Eb.pdf, Bass/Kimet_Bass.pdf
KroiterAlto.pdf, Bb/KroiterAlto_Bb.pdf, Eb/KroiterAlto_Eb.pdf, Bass/KroiterAlto_Bass.pdf
L'chaim_jo'_testve'rek.pdf, Bb/L'chaim_jo'_testve'rek_Bb.pdf, Eb/L'chaim_jo'_testve'rek_Eb.pdf, Bass/L'chaim_jo'_testve'rek_Bass.pdf
Ljubav.pdf, Bb/Ljubav_Bb.pdf, Eb/Ljubav_Eb.pdf, Bass/Ljubav_Bass.pdf
Loli_Phabay.pdf, Bb/Loli_Phabay_Bb.pdf, Eb/Loli_Phabay_Eb.pdf, Bass/Loli_Phabay_Bass.pdf
Menukho_VSimkho.pdf, Bb/Menukho_VSimkho_Bb.pdf, Eb/Menukho_VSimkho_Eb.pdf, Bass/Menukho_VSimkho_Bass.pdf
Meron_2.pdf, Bb/Meron_2_Bb.pdf, Eb/Meron_2_Eb.pdf, Bass/Meron_2_Bass.pdf
Meron_2_in_4-4.pdf, Bb/Meron_2_in_4-4_Bb.pdf, Eb/Meron_2_in_4-4_Eb.pdf, Bass/Meron_2_in_4-4_Bass.pdf
Meydelekh_un_Vaybelehk.pdf, Bb/Meydelekh_un_Vaybelehk_Bb.pdf, Eb/Meydelekh_un_Vaybelehk_Eb.pdf, Bass/Meydelekh_un_Vaybelehk_Bass.pdf
Moldavian_Hora.pdf, Bb/Moldavian_Hora_Bb.pdf, Eb/Moldavian_Hora_Eb.pdf, Bass/Moldavian_Hora_Bass.pdf
Mori_Shej.pdf, Bb/Mori_Shej_Bb.pdf, Eb/Mori_Shej_Eb.pdf, Bass/Mori_Shej_Bass.pdf
Moroccon_Game.pdf, Bb/Moroccon_Game_Bb.pdf, Eb/Moroccon_Game_Eb.pdf, Bass/Moroccon_Game_Bass.pdf
Mugar_in_3_in_C.pdf, Bb/Mugar_in_3_in_C_Bb.pdf, Eb/Mugar_in_3_in_C_Eb.pdf, Bass/Mugar_in_3_in_C_Bass.pdf
Mugar_in_3_in_D.pdf, Bb/Mugar_in_3_in_D_Bb.pdf, Eb/Mugar_in_3_in_D_Eb.pdf, Bass/Mugar_in_3_in_D_Bass.pdf
Mugar_in_5.pdf, Bb/Mugar_in_5_Bb.pdf, Eb/Mugar_in_5_Eb.pdf, Bass/Mugar_in_5_Bass.pdf
Naftule_Shpilet_Farn_Rebn.pdf, Bb/Naftule_Shpilet_Farn_Rebn_Bb.pdf, Eb/Naftule_Shpilet_Farn_Rebn_Eb.pdf, Bass/Naftule_Shpilet_Farn_Rebn_Bass.pdf
Naj-Man-Sela.pdf, Bb/Naj-Man-Sela_Bb.pdf, Eb/Naj-Man-Sela_Eb.pdf, Bass/Naj-Man-Sela_Bass.pdf
Nakhes_Fun_Kinder.pdf, Bb/Nakhes_Fun_Kinder_Bb.pdf, Eb/Nakhes_Fun_Kinder_Eb.pdf, Bass/Nakhes_Fun_Kinder_Bass.pdf
Nakht_En_Gan_Eden.pdf, Bb/Nakht_En_Gan_Eden_Bb.pdf, Eb/Nakht_En_Gan_Eden_Eb.pdf, Bass/Nakht_En_Gan_Eden_Bass.pdf
Nito_Keyn_Nekhtn.pdf, Bb/Nito_Keyn_Nekhtn_Bb.pdf, Eb/Nito_Keyn_Nekhtn_Eb.pdf, Bass/Nito_Keyn_Nekhtn_Bass.pdf
Nokh-a-Glezele-Vayn.pdf, Bb/Nokh-a-Glezele-Vayn_Bb.pdf, Eb/Nokh-a-Glezele-Vayn_Eb.pdf, Bass/Nokh-a-Glezele-Vayn_Bass.pdf
Olahos.pdf, Bb/Olahos_Bb.pdf, Eb/Olahos_Eb.pdf, Bass/Olahos_Bass.pdf
Oy_Tate.pdf, Bb/Oy_Tate_Bb.pdf, Eb/Oy_Tate_Eb.pdf, Bass/Oy_Tate_Bass.pdf
Oy_Tate_siz_git.pdf, Bb/Oy_Tate_siz_git_Bb.pdf, Eb/Oy_Tate_siz_git_Eb.pdf, Bass/Oy_Tate_siz_git_Bass.pdf
Oy_Tate_siz_git_-v2.pdf, Bb/Oy_Tate_siz_git_-v2_Bb.pdf, Eb/Oy_Tate_siz_git_-v2_Eb.pdf, Bass/Oy_Tate_siz_git_-v2_Bass.pdf
Oy_Tate_siz_git_2parts.pdf, Bb/Oy_Tate_siz_git_2parts_Bb.pdf, Eb/Oy_Tate_siz_git_2parts_Eb.pdf, Bass/Oy_Tate_siz_git_2parts_Bass.pdf
Patch_Tantz.pdf, Bb/Patch_Tantz_Bb.pdf, Eb/Patch_Tantz_Eb.pdf, Bass/Patch_Tantz_Bass.pdf
Rabanak.pdf, Bb/Rabanak_Bb.pdf, Eb/Rabanak_Eb.pdf, Bass/Rabanak_Bass.pdf
Romanscuago.pdf, Bb/Romanscuago_Bb.pdf, Eb/Romanscuago_Eb.pdf, Bass/Romanscuago_Bass.pdf
Romshe_Rimshe.pdf, Bb/Romshe_Rimshe_Bb.pdf, Eb/Romshe_Rimshe_Eb.pdf, Bass/Romshe_Rimshe_Bass.pdf
Rumanian_Hora.pdf, Bb/Rumanian_Hora_Bb.pdf, Eb/Rumanian_Hora_Eb.pdf, Bass/Rumanian_Hora_Bass.pdf
Rumelaj.pdf, Bb/Rumelaj_Bb.pdf, Eb/Rumelaj_Eb.pdf, Bass/Rumelaj_Bass.pdf
Schwartzs_Serba.pdf, Bb/Schwartzs_Serba_Bb.pdf, Eb/Schwartzs_Serba_Eb.pdf, Bass/Schwartzs_Serba_Bass.pdf
Shane_Vi_Di_Levone.pdf, Bb/Shane_Vi_Di_Levone_Bb.pdf, Eb/Shane_Vi_Di_Levone_Eb.pdf, Bass/Shane_Vi_Di_Levone_Bass.pdf
Sholom_Alaichem.pdf, Bb/Sholom_Alaichem_Bb.pdf, Eb/Sholom_Alaichem_Eb.pdf, Bass/Sholom_Alaichem_Bass.pdf
Tutti_Frutti.pdf, Bb/Tutti_Frutti_Bb.pdf, Eb/Tutti_Frutti_Eb.pdf, Bass/Tutti_Frutti_Bass.pdf
Tzadiks_Zemerel.pdf, Bb/Tzadiks_Zemerel_Bb.pdf, Eb/Tzadiks_Zemerel_Eb.pdf, Bass/Tzadiks_Zemerel_Bass.pdf
Ugros4.pdf, Bb/Ugros4_Bb.pdf, Eb/Ugros4_Eb.pdf, Bass/Ugros4_Bass.pdf
Ugros7.pdf, Bb/Ugros7_Bb.pdf, Eb/Ugros7_Eb.pdf, Bass/Ugros7_Bass.pdf
Verbunk.pdf, Bb/Verbunk_Bb.pdf, Eb/Verbunk_Eb.pdf, Bass/Verbunk_Bass.pdf
Vlasko.pdf, Bb/Vlasko_Bb.pdf, Eb/Vlasko_Eb.pdf, Bass/Vlasko_Bass.pdf
Vos_Geven_Iz_Geven.pdf, Bb/Vos_Geven_Iz_Geven_Bb.pdf, Eb/Vos_Geven_Iz_Geven_Eb.pdf, Bass/Vos_Geven_Iz_Geven_Bass.pdf
Yiddish-Birthday-Song.pdf, Bb/Yiddish-Birthday-Song_Bb.pdf, Eb/Yiddish-Birthday-Song_Eb.pdf, Bass/Yiddish-Birthday-Song_Bass.pdf
Yiddishe-Mamme-Dm.pdf, Bb/Yiddishe-Mamme-Dm_Bb.pdf, Eb/Yiddishe-Mamme-Dm_Eb.pdf, Bass/Yiddishe-Mamme-Dm_Bass.pdf
Yoske_Fort_Avek.pdf, Bb/Yoske_Fort_Avek_Bb.pdf, Eb/Yoske_Fort_Avek_Eb.pdf, Bass/Yoske_Fort_Avek_Bass.pdf
Zemer_Atik.pdf, Bb/Zemer_Atik_Bb.pdf, Eb/Zemer_Atik_Eb.pdf, Bass/Zemer_Atik_Bass.pdf
Zute-Dunje.pdf, Bb/Zute-Dunje_Bb.pdf, Eb/Zute-Dunje_Eb.pdf, Bass/Zute-Dunje_Bass.pdf
86/259 charts successfully merged
